Время,"Время поиска исполнителя, сек.",Средний сурж по поездкам,Доля свободных водителей,Заказы,"Водителей на линии, всего","GMV, лок. валюта","Поездок за наличные, %","Среднее плановое время подачи (ETA) исполнителя по поездкам, мин",Фактическое ETA по поездкам (dropoff),Предложения,CR
12:00:00 AM,22.61,1.17,16.35,16,26.3,280,14.29,5.86,5.96,16,0.875
12:10:00 AM,26.69,1.43,20,15,25.5,226,27.27,5.9,5.9,12,0.7333
12:20:00 AM,14.45,1.24,45.82,12,27.5,183,12.5,3.98,3.3,11,0.6667
12:30:00 AM,26.59,1,39.22,13,23.2,273,18.18,5.12,5.7,15,0.8462
12:40:00 AM,44.82,1.14,19.048,10,18.9,96,40,7.52,7.028,7,0.5
12:50:00 AM,49.46,1.16,16.58,14,18.7,229,36.36,7.02,6.33,14,0.7857
1:00:00 AM,22.68,1.25,21.36,11,22,206,25,4.6,5.012,12,0.7273
1:10:00 AM,28.35,1.28,22.73,6,19.8,96,20,6.63,6.12,7,0.8333
1:20:00 AM,57.79,1,34.15,7,16.4,29,50,3.73,3.041,8,0.2857
1:30:00 AM,60,1.014,38.3,9,14.1,149,28.57,6.64,7.17,13,0.7778
1:40:00 AM,48.88,1,48.41,7,15.7,48,33.33,3.78,2.36,9,0.4286
1:50:00 AM,19.33,1,44.14,8,14.5,99,40,4.42,4.27,9,0.625
2:00:00 AM,90.93,1,31.21,10,14.1,87,25,7.25,5.97,11,0.4
2:10:00 AM,105.89,1,41.67,8,12,110,25,11.44,11.46,12,0.5
2:20:00 AM,90.54,1.05,33.64,9,10.7,204,25,10.35,10.074,8,0.4444
2:30:00 AM,87.17,1.08,28.46,8,12.3,216,40,9.2,9.85,8,0.625
2:40:00 AM,15.11,1,29.29,6,9.9,109,0,4.08,3.9,5,0.6667
2:50:00 AM,74.71,1,14.29,7,9.8,139,0,8.05,6.64,8,0.5714
3:00:00 AM,122.84,1,11.82,6,11,83,25,11.98,12.15,10,0.6667
3:10:00 AM,38.73,1,20.83,6,9.6,20,50,3.58,4.072,7,0.3333
3:20:00 AM,96.79,1,8.86,6,7.9,140,66.67,10.09,8.89,5,0.5
3:30:00 AM,18.82,1,15.58,4,7.7,51,33.33,4.94,4.082,6,0.75
3:40:00 AM,13.17,1,21.79,4,7.8,57,66.67,4.66,4.26,6,0.75
3:50:00 AM,41.96,1,33.87,2,6.2,59,0,8.75,8.17,2,1
4:00:00 AM,69.38,1,54.32,5,8.1,58,25,6.92,6.48,7,0.8
4:10:00 AM,44.81,1,30.56,4,7.2,44,0,8.27,5.99,6,0.5
4:20:00 AM,,,48.68,,7.6,0,0,,,,
4:30:00 AM,42.87,1,72.22,6,9,84,40,7.09,7.53,8,0.8333
4:40:00 AM,33.24,1,68.28,10,14.5,84,40,3.99,4.79,12,0.5
4:50:00 AM,24.33,1,44.44,5,15.3,68,25,5.51,5.21,5,0.8
5:00:00 AM,28.49,1,55.11,7,17.6,92,16.67,5.47,5.83,9,0.8571
5:10:00 AM,18.69,1,58.73,5,18.9,87,25,2.08,3.18,6,0.8
5:20:00 AM,8.86,1,61.99,5,17.1,71,60,3.26,3.085,5,1
5:30:00 AM,24.036,1,71.62,3,14.8,68,0,4.37,3.97,4,1
5:40:00 AM,31.69,1,69.39,5,14.7,75,60,5.68,8.7,6,1
5:50:00 AM,14.47,1,73.49,2,21.5,32,0,2.78,2.82,3,1
6:00:00 AM,12.88,1,65.91,11,22,214,37.5,2.96,2.83,11,0.7273
6:10:00 AM,12.63,1,53.85,12,20.8,205,54.55,3.85,4.12,12,0.9167
6:20:00 AM,27.62,1,43.13,13,26.2,241,66.67,4.72,6.33,19,0.9231
6:30:00 AM,25.1,1,43.17,12,27.1,227,25,3.74,3.97,17,1
6:40:00 AM,17.29,1,33.97,20,31.5,322,36.84,4.87,4.8,23,0.95
6:50:00 AM,27.2,1.05,24.35,27,38.2,475,33.33,6.33,5.93,25,0.8889
7:00:00 AM,15.52,1.072,24.45,25,45.8,805,40,4.01,3.89,26,1
7:10:00 AM,19.056,1.038,17.66,48,53.8,871,33.33,4.24,4.2,52,0.9375
7:20:00 AM,25.47,1.35,11.89,60,73.2,1197,30.61,5.17,5.38,59,0.8167
7:30:00 AM,35.062,1.32,11.29,81,91.2,1789,31.08,6.29,6.33,96,0.9136
7:40:00 AM,24.54,1.37,11.59,54,105.3,1129,36.73,4.93,5.48,68,0.9074
7:50:00 AM,18.57,1.15,16.076,68,110.1,1039,29.51,4.07,4,86,0.8971
8:00:00 AM,13.67,1.049,18.55,80,110,1336,32.89,3.15,2.83,90,0.95
8:10:00 AM,13.9,1.15,19.96,61,104.2,1022,27.78,3.64,3.45,68,0.8852
8:20:00 AM,21.67,1.061,22,78,105.9,1317,29.17,3.98,3.85,99,0.9231
8:30:00 AM,19.23,1.12,21.77,77,103.8,1274,25,4.32,4.1,88,0.8831
8:40:00 AM,18.5,1.27,16.48,77,106.2,1360,34.29,4.45,4.23,81,0.9091
8:50:00 AM,15.11,1.11,23.9,52,102.5,820,25,2.98,2.93,59,0.9231
9:00:00 AM,12.62,1.0065,42.27,51,97,823,32.61,2.29,2.41,56,0.902
9:10:00 AM,11.51,1.025,43,56,96.5,846,37.25,3.15,3.2,56,0.9107
9:20:00 AM,12.7,1.03,38.74,45,91.9,633,30,2.98,3.0038,45,0.8889
9:30:00 AM,20.71,1,45.15,46,95.9,779,36.36,3.67,3.7,62,0.9565
9:40:00 AM,16.9,1.11,38.19,60,98.2,977,35.19,3.44,3.59,71,0.9
9:50:00 AM,13.43,1.17,31.55,44,98.9,817,45.24,3.47,3.21,46,0.9545
10:00:00 AM,16.57,1.1,37.89,50,95.8,1105,35.56,3.16,3.61,57,0.9
10:10:00 AM,18.98,1.02,43.17,36,98.9,613,43.33,2.91,3.15,44,0.8333
10:20:00 AM,19.42,1,54.69,33,99.1,596,30,2.23,2.38,36,0.9091
10:30:00 AM,13.33,1.0029,52.2,41,95.6,607,31.43,3.13,3.28,45,0.8537
10:40:00 AM,13.51,1.0086,52.23,37,87.5,625,51.43,3.09,2.78,41,0.9459
10:50:00 AM,11.88,1.0043,48.26,26,83.5,385,34.78,3.2,3.26,26,0.8846
11:00:00 AM,10.5,1,58.42,29,80.8,412,42.31,2.11,2.13,32,0.8966
11:10:00 AM,17.35,1.0088,56.64,40,76.1,613,29.41,2.18,2.3,44,0.85
11:20:00 AM,13.36,1.13,48.46,33,71.6,614,41.94,2.65,2.64,35,0.9394
11:30:00 AM,16.37,1.024,49.39,40,82.4,621,23.68,2.87,3.18,46,0.95
11:40:00 AM,12.53,1.11,37.41,46,84.2,752,40,2.86,3.14,48,0.8696
11:50:00 AM,10.81,1.055,46.36,47,85.2,1411,30.95,2.68,2.4,51,0.8936
12:00:00 PM,14.56,1.032,47.39,37,82.3,540,47.06,3.32,3.32,43,0.9189
12:10:00 PM,13.008,1.014,44.53,36,86,549,51.43,2.8,2.82,42,0.9722
12:20:00 PM,16.26,1.0077,52.24,44,87.1,1025,35.9,3.09,2.99,50,0.8864
12:30:00 PM,11.31,1.031,48.12,35,92.9,563,31.43,2.16,2.6,36,1
12:40:00 PM,16.17,1,44.67,32,90,462,40,2.88,2.75,41,0.9375
12:50:00 PM,12.058,1,55.77,33,86.6,481,39.29,2.33,2.31,36,0.8485
1:00:00 PM,11.69,1.039,45.92,41,77.3,501,45.45,1.55,2.079,41,0.8049
1:10:00 PM,14.0093,1.015,50.66,42,82.9,639,46.15,2.58,2.88,48,0.9286
1:20:00 PM,11.48,1.0047,47.17,46,82.9,691,27.91,2.35,2.5,47,0.9348
1:30:00 PM,12.45,1,44.82,35,89.7,527,36.36,2.36,2.6,38,0.9429
1:40:00 PM,10.42,1.0093,51.78,51,92.7,725,39.53,1.82,2.14,52,0.8431
1:50:00 PM,16.2,1.056,50.28,38,89.7,1370,41.67,2.64,2.77,45,0.9474
2:00:00 PM,15.028,1.036,46.73,43,88.6,678,35.71,2.98,3.13,44,0.9767
2:10:00 PM,15.35,1.067,41.21,57,96.1,920,32.69,3.48,3.73,65,0.9123
2:20:00 PM,18.13,1.059,42.46,43,100.1,706,29.27,2.97,3.12,54,0.9535
2:30:00 PM,11.01,1.0053,51.41,39,102.5,1213,21.05,2.23,2.47,42,0.9744
2:40:00 PM,11.94,1.018,48.73,53,102,803,34.69,2.23,2.5,58,0.9245
2:50:00 PM,13.67,1.012,46.7,37,100,582,32.35,2.85,3.14,41,0.9189
3:00:00 PM,17.044,1.014,50,45,92.8,819,38.64,2.73,3.00028,52,0.9778
3:10:00 PM,14.78,1.0025,50.87,42,92.4,656,40,3.22,3.18,49,0.9524
3:20:00 PM,13.93,1.15,40.48,50,91.4,946,35.42,3.07,3.067,54,0.96
3:30:00 PM,15.57,1.067,35.73,46,90.4,801,44.19,3,3.0055,54,0.9348
3:40:00 PM,19.71,1.033,37.65,47,89.5,734,28.57,3.21,3.052,52,0.8936
3:50:00 PM,12.063,1.013,42.49,30,90.6,565,30,2.71,2.96,32,1
4:00:00 PM,12.36,1.039,50.46,51,87.8,712,36.36,2.74,2.74,55,0.8627
4:10:00 PM,11.034,1.0071,46.67,50,96,679,30.95,2.63,2.64,55,0.84
4:20:00 PM,12.37,1,45.88,42,93.5,637,43.24,3.17,2.9,45,0.881
4:30:00 PM,15.01,1.12,31.42,67,86.9,1880,34.92,3.43,3.38,81,0.9403
4:40:00 PM,17.085,1.11,21.026,69,97.5,1211,33.9,3.26,3.66,75,0.8551
4:50:00 PM,13.68,1.046,22.1,59,102.7,1025,35.19,3.38,3.52,66,0.9153
5:00:00 PM,15.32,1.0094,32.92,57,105.1,1066,24.53,2.31,2.82,63,0.9298
5:10:00 PM,12.58,1.12,17.72,63,93.1,1052,30.51,3.31,3.45,74,0.9365
5:20:00 PM,11.49,1.044,30.058,39,86.5,1616,33.33,2.92,3.18,44,0.9231
5:30:00 PM,11.031,1.05,34.26,42,78.8,701,45,2.44,2.91,45,0.9524
5:40:00 PM,14.021,1.016,35.092,59,81.5,941,27.27,2.77,3.092,65,0.9322
5:50:00 PM,16.28,1.15,21.36,53,86.6,995,38,3.38,3.84,61,0.9434
6:00:00 PM,12.91,1.023,22.63,44,87.5,737,48.72,3.26,3.48,48,0.8864
6:10:00 PM,11.17,1.0029,30.85,36,83.3,565,28.57,2.17,2.46,37,0.9722
6:20:00 PM,14.17,1.011,39.75,42,78.5,790,39.47,3.28,3.62,45,0.9048
6:30:00 PM,15.94,1.037,32.75,46,79.4,745,34.15,3.25,3.48,50,0.8913
6:40:00 PM,12.47,1.049,29.32,44,76.4,658,35.14,3.04,3.13,49,0.8409
6:50:00 PM,15.71,1.0028,30.52,47,74.7,644,36.11,3.33,3.39,48,0.766
7:00:00 PM,15.5,1.024,32.38,50,76.6,780,31.11,2.81,3.084,57,0.9
7:10:00 PM,9.97,1.11,26.15,36,78,682,33.33,2.96,2.83,38,0.9167
7:20:00 PM,12.52,1,38.45,37,69.7,571,34.29,1.93,2.69,41,0.9459
7:30:00 PM,13.37,1.2,32.14,28,61.6,555,25,2.62,3.038,30,1
7:40:00 PM,11.1,1.038,31.72,35,62.1,555,26.47,3.05,3.38,36,0.9714
7:50:00 PM,14.076,1.2,21.42,54,56.5,987,35.29,3.94,3.83,57,0.9444
8:00:00 PM,10.54,1.27,23.7,46,67.5,967,34.09,3.29,3.17,49,0.9565
8:10:00 PM,15.087,1.33,21.54,35,71.5,725,31.25,3.98,3.8,36,0.9143
8:20:00 PM,10.95,1.031,32.71,39,64.2,624,31.43,2.32,2.75,43,0.8974
8:30:00 PM,12.97,1.23,23.5,31,58.3,553,30.77,2.91,2.83,34,0.8387
8:40:00 PM,10.81,1.054,21.81,37,56.4,607,28.57,2.93,2.89,41,0.9459
8:50:00 PM,31.14,1.24,17.88,35,53.7,765,32.35,3.99,3.92,37,0.9714
9:00:00 PM,14.42,1.12,17.39,34,52.9,663,25,3.9,4.14,39,0.9412
9:10:00 PM,12.11,1.21,30.81,24,56.8,470,39.13,2.61,2.61,26,0.9583
9:20:00 PM,19.71,1.026,29.96,27,51.4,599,29.63,2.87,3.48,33,1
9:30:00 PM,23.025,1.039,25.27,34,46.3,652,30.3,5.02,5.7,38,0.9706
9:40:00 PM,13.4,1.25,20.35,22,46.2,376,25,4.42,4.48,22,0.9091
9:50:00 PM,11.053,1.2,23.97,26,48.4,456,31.82,4.36,4.18,26,0.8462
10:00:00 PM,9.62,1.024,34.53,26,47.5,403,47.62,2.68,3.21,25,0.8077
10:10:00 PM,11.095,1.0037,33.18,28,44,437,40.74,3.17,3.62,28,0.9643
10:20:00 PM,14.82,1.2,14.55,34,44,621,51.61,4.18,3.91,39,0.9118
10:30:00 PM,17.32,1.031,22.72,18,44.9,334,43.75,2.89,3.34,22,0.8889
10:40:00 PM,13.21,1.0062,26.46,17,37.8,252,18.75,2.96,3.28,20,0.9412
10:50:00 PM,11.81,1,38.59,15,36.8,274,23.08,3.12,3,17,0.8667
11:00:00 PM,25.26,1.0043,26.33,24,31.9,430,30.43,4.12,4.49,32,0.9583
11:10:00 PM,18.43,1.21,12.78,23,31.3,382,25,4.69,5.32,27,0.8696
11:20:00 PM,11.7,1.27,15.44,8,28.5,167,28.57,4,3.83,8,0.875
11:30:00 PM,16.58,1.12,28.26,14,27.6,220,25,4.54,5.36,16,0.8571
11:40:00 PM,22.29,1,27.35,18,23.4,277,25,4.31,4.89,19,0.8889
11:50:00 PM,56.94,1.14,14.091,18,22,259,42.86,7.62,8.22,20,0.7778